time,tumor_volume
0.335195531,235.732725
5.279329609,446.2452998
9.05027933,572.1146822
13.0726257,1107.940196
16.75977654,1455.101427