time,tumor_volume
0.017742031,222.9244921
5.265834763,422.2064546
8.986338636,596.354045
13.13619966,1048.386973
17.11041457,1517.767592