time,tumor_volume
0.505617978,227.9789436
4.971910112,398.1071706
9.016853933,519.7439871
12.97752809,1101.80633
16.93820225,804.0131611