time,tumor_volume
0.168539326,217.6648445
4.887640449,364.8821115
8.848314607,435.1271713
12.89325843,661.3054912
16.93820225,733.4085171