time,tumor_volume
0.168539326,192.4024183
5.056179775,137.0383451
8.93258427,84.39481966
12.89325843,121.3977189
16.85393258,361.3222757