time,tumor_volume
0.147409003,157.1651864
1.04490305,233.8097852
4.166572174,279.1372155
5.064633178,430.1244535
8.108062139,401.1259838
12.05692255,910.4469379
15.10658805,1250.005634