time,tumor_volume
0.776291931,153.4110895
1.775271985,188.9918317
4.704782412,146.7543946
5.715661831,122.8079134
15.95704896,745.9258854