time,tumor_volume
0.001696065,157.3873043
0.976368159,208.0567538
3.958050656,168.7612476
8.000904568,376.4935807
12.03414744,464.1588834
15.03165988,1000