time,tumor_volume
0.066888368,205.578219
1.02940065,245.0828811
4.090960623,85.36851167
9.272541758,236.6169225
12.23036807,512.7712463
15.03911269,1150.982452