time,tumor_volume
0.1,194.034425
3.990147783,57.22367659
5.024630542,53.36699231
7.906403941,61.35907273
14.85221675,119.0577239